name,firstname,lastname,institution,department,image,email
Mark Braude,Mark,Braude,Stanford,History,/img/people/mark.jpg,
Giorgio Caviglia,Giorgio,Caviglia,,,/img/people/giorgio.jpg,
Marcelo Aranda,Marcelo,Aranda,Stanford,History of Science,/img/people/aranda.jpg,
Glauco Mantegari,Glauco,Mantegari,,,/img/people/glauco.jpg,